"","gene","pvalue","lfc","padj","direction"
"196","Kcnq3",1.00034238802407,1.39913432700821,0.0999211933127686,"CA1"
"315","Prtg",1.00034238802407,-2.49186145184048,0.0999211933127686,"DG"
"433","Vwa5b2",1.00034238802407,-1.86970230328006,0.0999211933127686,"DG"
"104","Dgkg",1.00093868769169,1.18800151393976,0.0997840925875033,"CA1"
"337","Rnf217",1.00203455439602,-2.23441730815667,0.0995326221630361,"DG"
"122","Ermn",1.00753132159818,-2.15453737690321,0.0982807989697807,"DG"
"25","Appl2",1.00829350621776,-1.25581031762155,0.0981084679288634,"DG"
"349","Sema3e",1.00829350621776,1.93096464346697,0.0981084679288634,"CA1"
"140","Fubp1",1.00945236760082,-1.09648986977277,0.0978470265221237,"DG"
"352","Sept5",1.01518768663091,-1.02881445159772,0.0965633476353939,"DG"
"422","Trpm3",1.01518768663091,-2.16931342470476,0.0965633476353939,"DG"
"289","Plcl2",1.01556815498405,2.07819509312645,0.096478789320359,"CA1"
"113","E130012A19Rik",1.01683816697175,2.30553857961013,0.0961970674890856,"CA1"
"271","Osbpl6",1.01683816697175,1.24994356858226,0.0961970674890856,"CA1"
"393","Sv2c",1.0223816673336,-3.11750313948902,0.0949769748694895,"DG"
"43","Bmp1",1.02279938408445,-1.41244291553496,0.0948856672393449,"DG"
"246","Myc",1.02279938408445,-2.11374515051527,0.0948856672393449,"DG"
"402","Thrb",1.02514031799949,2.31113849693531,0.0943755905024608,"CA1"
"121","Erbin",1.02574529063194,-1.78220359163897,0.0942442167369405,"DG"
"359","Sh3kbp1",1.03029267953637,-2.13286726123944,0.0932625574369557,"DG"
"412","Tmod1",1.03407395588265,-1.99812104365016,0.0924540720758337,"DG"
"329","Rasd1",1.03805847215281,2.1101284906224,0.0916097141149313,"CA1"
"62","Ccdc85a",1.03825742899448,-1.24506725375345,0.0915677559370278,"DG"
"423","Tspan13",1.03825742899448,1.53670045943332,0.0915677559370278,"CA1"
"211","Lpar1",1.03888493069088,-2.53777324045617,0.091435547414807,"DG"
"18","Akr1c18",1.03966225604355,6.07246732112794,0.0912720371635599,"CA1"
"76","Chl1",1.03966225604355,1.04209222487883,0.0912720371635599,"CA1"
"112","Dyrk2",1.03966225604355,1.63323534981388,0.0912720371635599,"CA1"
"144","Gabrb2",1.03966225604355,1.29840050880631,0.0912720371635599,"CA1"
"415","Tox2",1.04788200337063,2.45654461398594,0.0895608066771472,"CA1"
"237","Mef2c",1.05032963921569,-1.56642996515378,0.0890574715424024,"DG"
"13","Adgrl2",1.05109616382088,4.81062378145607,0.0889004247958939,"CA1"
"353","Sept9",1.05109616382088,1.5382066173273,0.0889004247958939,"CA1"
"70","Cdk18",1.05250307009709,-2.72662663355045,0.0886128959450139,"DG"
"95","Csdc2",1.05250307009709,-1.43861867677223,0.0886128959450139,"DG"
"81","Clvs1",1.05327333478298,1.22347952468012,0.0884558714047621,"CA1"
"100","Cygb",1.05327333478298,-1.60158195029375,0.0884558714047621,"DG"
"377","Snd1",1.05421853352987,1.0827588649886,0.0882635653414893,"CA1"
"105","Dip2c",1.05475336504483,1.20178408538581,0.088154936097511,"CA1"
"96","Csf1",1.05635239386837,-1.83047100639714,0.0878309552428013,"DG"
"111","Dync1h1",1.05635239386837,1.16419830733286,0.0878309552428013,"CA1"
"358","Sh3gl1",1.05635239386837,-1.55876779972441,0.0878309552428013,"DG"
"441","Zeb2",1.05635239386837,1.01584105323366,0.0878309552428013,"CA1"
"339","Ror1",1.06306913400848,4.56820941235803,0.0864830238140576,"CA1"
"169","Hpcal1",1.07440232715242,-1.49386224908513,0.084255386053111,"DG"
"73","Cds1",1.07503203326227,2.29332840468594,0.0841333083206992,"CA1"
"378","Sntb2",1.07750259945356,-2.08780341512794,0.0836560588538366,"DG"
"431","Vwa3a",1.07750259945356,-2.93948293182389,0.0836560588538366,"DG"
"60","Cblb",1.08034543022325,-1.6008768992095,0.0831102463800361,"DG"
"127","Fam19a1",1.08531364793922,1.51371905049521,0.0821649039804806,"CA1"
"250","Nbl1",1.08650131315576,1.12882750917624,0.0819405145579808,"CA1"
"258","Npr1",1.08720665888036,-3.31323814683803,0.0818075414594859,"DG"
"252","Ndst3",1.09088276304797,4.34993022998694,0.081118000476742,"CA1"
"106","Dkk3",1.09521182408462,1.86096845727737,0.0803134303521777,"CA1"
"388","Stac",1.09752265839954,4.11132847054358,0.0798872261103103,"CA1"
"410","Tmem200a",1.09752265839954,2.9043312982085,0.0798872261103103,"CA1"
"403","Thrsp",1.10347123282344,-1.83310639151139,0.0788004626260155,"DG"
"226","Man1a2",1.10433392955899,1.09734436114944,0.0786440861818245,"CA1"
"273","Parvg",1.10558422779621,-4.98749271153928,0.0784180018952325,"DG"
"296","Plod2",1.10640500966204,-2.48801788933543,0.0782699380965669,"DG"
"116","Ehd1",1.10904045561688,-1.20878950393352,0.0777964078365258,"DG"
"120","Eps15",1.10904045561688,1.22639286761842,0.0777964078365258,"CA1"
"184","Islr",1.11071016954975,-4.19291098133506,0.0774978814564603,"DG"
"230","Marcksl1",1.11312571624068,-1.79691671397861,0.0770680346127502,"DG"
"343","Rps18",1.11363460748657,-1.281710298049,0.0769777818444586,"DG"
"367","Slc17a6",1.11584843615225,5.74873638186076,0.0765863838070113,"CA1"
"34","Asap2",1.11901923047868,2.1496399091763,0.0760292610579793,"CA1"
"61","Ccbe1",1.11901923047868,-4.07017593344302,0.0760292610579793,"DG"
"314","Prr18",1.11901923047868,-2.08959109837552,0.0760292610579793,"DG"
"93","Cryab",1.12379663440764,-2.09315579822072,0.0751974936319681,"DG"
"139","Frrs1l",1.13138474104981,1.00080026970825,0.0738950349621991,"CA1"
"341","Rpl32",1.13505957715031,-1.254233100842,0.0732724010095955,"DG"
"164","Hap1",1.13527211238671,-1.62146545052192,0.073236551700457,"DG"
"275","Pcnx2",1.13795543053241,1.73786588258698,0.0727854496765778,"CA1"
"439","Ypel4",1.13795543053241,-1.44446925505574,0.0727854496765778,"DG"
"47","C2cd4c",1.13883157103469,-2.33821364438157,0.0726387611930133,"DG"
"59","Card10",1.15494447518997,-4.02169136916579,0.0699931476941247,"DG"
"309","Prkca",1.15677777281,1.64841884267513,0.0696983067034333,"CA1"
"316","Psd3",1.15750284729836,1.38036117152119,0.0695820392785045,"CA1"
"323","Pvalb",1.16759878256644,3.73967391809493,0.0679831396185816,"CA1"
"427","Ttn",1.1801365512602,-3.66099224475415,0.0660485744836398,"DG"
"74","Cfap100",1.18277766510492,2.88374848739612,0.0656481262599624,"CA1"
"305","Ppp1r16b",1.18371641743912,-1.21712065315637,0.0655063773389116,"DG"
"298","Plpp6",1.19186982819409,2.15636653973804,0.0642880380045396,"CA1"
"4","Actr3b",1.20763589095969,1.4000133436447,0.0619960627312404,"CA1"
"8","Adamtsl2",1.20763589095969,-4.5315038694462,0.0619960627312404,"DG"
"401","Tenm4",1.20763589095969,1.89545001360471,0.0619960627312404,"CA1"
"254","Nek6",1.21511043344682,-1.9606911693306,0.0609381922434444,"DG"
"347","Sbk1",1.21604987255146,1.37561897343182,0.060806516962293,"CA1"
"438","Ypel3",1.21824018571036,-1.17809190978528,0.0605006184730251,"DG"
"141","Gaa",1.21877634951755,1.24647319746626,0.0604259727475943,"CA1"
"147","Galnt9",1.21877634951755,1.96261465131767,0.0604259727475943,"CA1"
"162","Grm5",1.22467846666253,1.12110257353718,0.059610330997507,"CA1"
"202","L1cam",1.22467846666253,1.54236119492842,0.059610330997507,"CA1"
"56","Camkk2",1.22826993706439,1.08030019743775,0.0591194061476069,"CA1"
"333","Raver2",1.22959554889685,1.68526820084328,0.0589392290917005,"CA1"
"324","Qdpr",1.2316739687061,-1.45408750800792,0.0586578352314395,"DG"
"348","Sema3a",1.2316739687061,4.37780825990759,0.0586578352314395,"CA1"
"12","Adgrb3",1.23391245789971,1.17464885209279,0.0583562722986583,"CA1"
"98","Ctnnd2",1.23402784287529,1.14735677994785,0.0583407700463118,"CA1"
"354","Serpini1",1.23531743680807,1.62473842347154,0.058167789928073,"CA1"
"312","Prkd1",1.23703053892808,-2.50714422693535,0.0579387953313877,"DG"
"134","Fosb",1.24131980885771,-1.56527587913358,0.0573693845869569,"DG"
"28","Arhgap12",1.2449090176308,2.32798108929896,0.0568972114971596,"CA1"
"87","Cpne4",1.2449090176308,-4.64847865845724,0.0568972114971596,"DG"
"50","Cacng8",1.24869891932998,1.06628001869685,0.056402854092192,"CA1"
"185","Itgb8",1.2494769799503,-1.7262974844936,0.0563018959774216,"DG"
"17","Aifm3",1.25082509733375,-1.53141813791665,0.0561273971418699,"DG"
"379","Soga3",1.25082509733375,1.10228095997123,0.0561273971418699,"CA1"
"420","Trpc4",1.25082509733375,1.88676939952665,0.0561273971418699,"CA1"
"19","Alcam",1.25594018874015,1.52746245283095,0.055470210155693,"CA1"
"283","Pgbd5",1.25594018874015,-1.13093484179542,0.055470210155693,"DG"
"155","Gnal",1.29103246462104,-1.35694030310528,0.051164358744665,"DG"
"200","Kitl",1.29103246462104,-2.59739962346049,0.051164358744665,"DG"
"362","Shisa9",1.29103246462104,-2.30008621512871,0.051164358744665,"DG"
"295","Pllp",1.29314422723807,-1.9486229955077,0.0509161752656101,"DG"
"52","Cald1",1.29715969731324,-2.51174275397603,0.0504475759315206,"DG"
"188","Jade2",1.29715969731324,1.39003984595461,0.0504475759315206,"CA1"
"397","Syt14",1.29715969731324,1.51700648740525,0.0504475759315206,"CA1"
"232","Mbnl1",1.31410402988031,1.25655438417338,0.048517226921583,"CA1"
"416","Trabd",1.31710608704218,-1.74323692676101,0.0481830084473587,"DG"
"131","Far2",1.31850483576347,2.35045215609522,0.0480280732400732,"CA1"
"345","Runx1t1",1.32554882779871,2.80188116107231,0.0472553704622268,"CA1"
"251","Ncald",1.33540935894746,-3.64868632831451,0.0461945393874373,"DG"
"66","Ccnl1",1.34670291373508,-1.3185902745625,0.0450087639442168,"DG"
"129","Fam210b",1.34670291373508,1.5876309180842,0.0450087639442168,"CA1"
"248","Myt1",1.34670291373508,-2.09903725507611,0.0450087639442168,"DG"
"399","Tbc1d8b",1.34670291373508,-3.27128596202153,0.0450087639442168,"DG"
"138","Frmpd3",1.37898624112044,2.14217905796467,0.0417843604136385,"CA1"
"238","Megf9",1.37898624112044,1.21616127848365,0.0417843604136385,"CA1"
"156","Gpr161",1.37927448238442,5.73610728560987,0.0417566373329817,"CA1"
"308","Prkacb",1.38484032843853,-1.15970786515755,0.0412249057637537,"DG"
"302","Ppfibp1",1.38559294773002,-2.40131175057034,0.0411535261076719,"DG"
"195","Kcnn2",1.39491953598868,1.75070235129577,0.0402791654730262,"CA1"
"219","Mag",1.41014513876782,-2.1634298122833,0.0388915150022796,"DG"
"417","Trf",1.41014513876782,-1.49885267312732,0.0388915150022796,"DG"
"249","Myt1l",1.41668248223543,1.08275753683661,0.0383104733294286,"CA1"
"41","Bcr",1.43199576773145,2.04386769418778,0.0369831783832044,"CA1"
"199","Kit",1.43199576773145,2.47749872775106,0.0369831783832044,"CA1"
"221","Magi2",1.43199576773145,1.21415512614261,0.0369831783832044,"CA1"
"317","Ptch2",1.43199576773145,5.9436670200441,0.0369831783832044,"CA1"
"338","Rock2",1.43199576773145,1.05107474013083,0.0369831783832044,"CA1"
"45","Btbd3",1.43266047930826,-1.79512333363829,0.0369266168920789,"DG"
"247","Myh10",1.43268903641671,1.10720123307934,0.0369241888558549,"CA1"
"327","Rab8b",1.43268903641671,1.54329392380319,0.0369241888558549,"CA1"
"55","Camk2n2",1.43451550283517,-2.34811733530922,0.0367692267781182,"DG"
"182","Inha",1.44072491814301,-3.56382179707362,0.0362472515588833,"DG"
"220","Magi1",1.44335296070595,-1.57110299712693,0.036028571185605,"DG"
"371","Slc29a1",1.44513482137635,-2.54607266481065,0.0358810529041364,"DG"
"325","R3hdm1",1.44819317545854,1.05985606798273,0.0356292618173916,"CA1"
"198","Kirrel3",1.44903099312365,-2.03880656931083,0.0355605940092845,"DG"
"351","Sema5b",1.45415998728022,-3.16848969666994,0.0351430955023871,"DG"
"424","Tspan15",1.45415998728022,-2.08782118011746,0.0351430955023871,"DG"
"38","Atp2b4",1.45747175877357,-2.42097326165294,0.0348761262584884,"DG"
"290","Pld3",1.4578502235047,1.020098869755,0.034845746793209,"CA1"
"384","Spry1",1.4578502235047,-2.48406719968111,0.034845746793209,"DG"
"44","Brd9",1.46044112043445,1.18910446696454,0.0346384842622784,"CA1"
"192","Kcnd2",1.46044112043445,1.66293073063711,0.0346384842622784,"CA1"
"23","Ano4",1.46497628966812,2.75995823394093,0.0342786500484041,"CA1"
"407","Tmc6",1.46497628966812,-4.18486197145004,0.0342786500484041,"DG"
"78","Cidea",1.46658338321949,-5.90270505860228,0.0341520373518071,"DG"
"186","Itpka",1.46658338321949,1.6509419089597,0.0341520373518071,"CA1"
"277","Pde11a",1.46658338321949,3.61648003119078,0.0341520373518071,"CA1"
"266","Ntm",1.46704982167755,1.98620744997416,0.0341153772676046,"CA1"
"7","Adamts17",1.48192893861056,-2.55995689472011,0.0329663648944913,"DG"
"42","Blmh",1.48192893861056,-1.8512806733492,0.0329663648944913,"DG"
"80","Clic4",1.48192893861056,-1.55490287031235,0.0329663648944913,"DG"
"103","Dgat2",1.48320584025386,-1.70000609049998,0.032869580374258,"DG"
"214","Lrrc7",1.48326278956187,1.76325268283937,0.0328652704481398,"CA1"
"421","Trpc6",1.48484822139037,-3.95026400641623,0.0327455114933361,"DG"
"99","Cx3cl1",1.48503604175347,1.00913507263796,0.0327313530262249,"CA1"
"356","Sh3bgrl",1.4853421398617,1.06168559275861,0.0327082915421265,"CA1"
"85","Cntnap5c",1.49051279811446,3.41024396879125,0.0323211795552454,"CA1"
"242","Mobp",1.49532835088956,-1.97636949155649,0.0319647748033333,"DG"
"366","Slc16a14",1.49933238287885,3.73420922486901,0.0316714259476122,"CA1"
"218","Ltbp3",1.50796506947095,-1.98980189692701,0.0310480929949844,"DG"
"288","Pla2g4e",1.50796506947095,-5.8761507735465,0.0310480929949844,"DG"
"83","Cnp",1.50933212528697,-1.65339136615944,0.0309505146343399,"DG"
"264","Nrn1",1.51072969916674,-1.27859369413155,0.0308510749495261,"DG"
"321","Ptprn2",1.51080887797564,1.53944907323316,0.0308454508193412,"CA1"
"115","Efnb2",1.51149313206611,2.18393516916213,0.0307968904332662,"CA1"
"39","Bambi",1.51508829112651,-3.41577481355917,0.0305430011750272,"DG"
"49","Cacnb2",1.51508829112651,1.31230575466417,0.0305430011750272,"CA1"
"297","Plp1",1.51508829112651,-2.01768859497023,0.0305430011750272,"DG"
"413","Tmod2",1.51508829112651,1.1052249339094,0.0305430011750272,"CA1"
"394","Synj2",1.52718467756042,2.50242976782384,0.0297040264160112,"CA1"
"26","Ar",1.52777718050219,2.57035336418827,0.0296635291873444,"CA1"
"268","Nyap2",1.52856509908153,2.42769265886532,0.0296097609313811,"CA1"
"429","Usp46",1.52856509908153,1.38316772961948,0.0296097609313811,"CA1"
"259","Npr3",1.53721774819618,3.35441222183688,0.0290256698964813,"CA1"
"368","Slc24a2",1.54541755033596,1.28174820602888,0.0284827848702034,"CA1"
"357","Sh3bp4",1.58585881378944,2.21322197346212,0.0259502284945302,"CA1"
"390","Strip2",1.58963449870514,3.29102744111123,0.025725599328339,"CA1"
"437","Wwc2",1.58963449870514,1.6239455498002,0.025725599328339,"CA1"
"336","Rgs6",1.59194142657517,-4.05723072680385,0.0255893098741005,"DG"
"145","Galnt14",1.60149504929498,-3.36661578749415,0.0250325418386527,"DG"
"285","Pik3ip1",1.60149504929498,-1.76970499049762,0.0250325418386527,"DG"
"6","Adam8",1.60582091471517,-4.34740191183018,0.0247844385584061,"DG"
"207","Lingo1",1.62044183444735,1.14917266726986,0.02396393679978,"CA1"
"301","Pou3f1",1.62484281267412,4.94537838614734,0.0237223214934711,"CA1"
"414","Tnfrsf25",1.62543211611777,-2.138135132522,0.0236901539988828,"DG"
"265","Nrxn3",1.63027111933473,1.44843846449094,0.0234276582778357,"CA1"
"36","Atf3",1.64918782990781,-1.99023464342953,0.0224291166736856,"DG"
"269","Obsl1",1.64942274217232,-2.78815977811286,0.0224169879221505,"DG"
"346","Satb2",1.64942274217232,5.53991802508799,0.0224169879221505,"CA1"
"208","Lingo2",1.65073812882736,-3.95139303683212,0.0223491942980909,"DG"
"228","Map4k3",1.65073812882736,1.19382057745723,0.0223491942980909,"CA1"
"342","Rplp0",1.65073812882736,-1.16520784031621,0.0223491942980909,"DG"
"197","Kctd4",1.65241867759148,-3.50059230403259,0.0222628788210164,"DG"
"163","Gsk3b",1.66131126622528,1.11123430903351,0.0218116607275561,"CA1"
"245","Muc3a",1.66897990272892,-1.57490756457302,0.0214298976712738,"DG"
"411","Tmem88b",1.66897990272892,-2.23119350688485,0.0214298976712738,"DG"
"30","Arhgap32",1.67587263259265,1.50580575393869,0.0210924664705444,"CA1"
"447","Zmat3",1.67587263259265,1.70028062848364,0.0210924664705444,"CA1"
"173","Htra4",1.6774999976459,-5.66956034577029,0.0210135778043721,"DG"
"158","Grem1",1.68678870082063,3.56696047255589,0.0205689110072977,"CA1"
"253","Necab3",1.68678870082063,-4.30853379231975,0.0205689110072977,"DG"
"137","Frmd4b",1.68924418254361,-2.1941738185237,0.0204529434441439,"DG"
"396","Syt13",1.68924418254361,-1.56739662952066,0.0204529434441439,"DG"
"299","Pls3",1.69337075446361,1.2017851524546,0.0202595243822606,"CA1"
"21","Ankrd13a",1.6988509852359,-1.6611212821397,0.0200054817832257,"DG"
"32","Arsj",1.7036802343457,-7.16339987383847,0.0197842579440889,"DG"
"193","Kcng1",1.7053651061093,-4.04772112286608,0.0197076524103288,"DG"
"107","Dlgap4",1.71175356785576,1.16061934493658,0.0194198750889211,"CA1"
"97","Csrnp3",1.72657733620705,1.21018002306399,0.0187682017724611,"CA1"
"176","Igsf1",1.72657733620705,-5.40701876644176,0.0187682017724611,"DG"
"223","Mal2",1.72657733620705,2.25553719339631,0.0187682017724611,"CA1"
"149","Git1",1.73210598197272,1.71861597432769,0.018530793566256,"CA1"
"418","Trim2",1.73210598197272,1.26022777687379,0.018530793566256,"CA1"
"40","Bcas1",1.73596293618928,-1.89548325494173,0.0183669508495353,"DG"
"178","Igsf9",1.74318993234557,-5.63810753328799,0.01806383957611,"DG"
"387","Ss18",1.74318993234557,-2.14881623886775,0.01806383957611,"DG"
"58","Car7",1.75741323617378,2.07638993406075,0.0174818248134004,"CA1"
"235","Mcm6",1.76007945003662,-3.79188563382622,0.0173748294372698,"DG"
"320","Ptprg",1.76220179343783,1.58594693183861,0.017290127926929,"CA1"
"159","Grin2a",1.79301819409424,1.83705036534969,0.0161057816108898,"CA1"
"175","Igfbp5",1.80951213826057,-3.04358119003663,0.0155055744907261,"DG"
"436","Wscd1",1.81879679173528,-1.83449376976644,0.0151776036797483,"DG"
"190","Kcnab2",1.82330234660548,1.13440577535401,0.0150209587471539,"CA1"
"430","Vip",1.82330234660548,7.45459192028237,0.0150209587471539,"CA1"
"222","Mal",1.82446330609531,-2.53339987524375,0.0149808582222427,"DG"
"15","Aff3",1.82631013859494,1.58469397476426,0.0149172875502882,"CA1"
"386","Sptbn2",1.82853077906307,1.43179815800139,0.0148412069460837,"CA1"
"35","Astn2",1.83154383240178,2.5795012901305,0.014738597799903,"CA1"
"79","Cldn11",1.84011602172416,-2.3857268471159,0.0144505367324178,"DG"
"27","Arap2",1.88221233212824,2.17357150133907,0.0131155850450705,"CA1"
"408","Tmem108",1.90260304962629,-4.27678053932736,0.0125140230439447,"DG"
"22","Ankrd63",1.93001593583605,7.36000099133656,0.0117485444448778,"CA1"
"432","Vwa3b",1.93161726397929,-2.94050211411412,0.0117053050436562,"DG"
"154","Gm35339",1.93851703664523,-3.64057739248599,0.0115208086473637,"DG"
"183","Ipcef1",1.93851703664523,-4.64367680591148,0.0115208086473637,"DG"
"243","Mpped1",1.94186484945957,4.64107202211774,0.0114323404886688,"CA1"
"332","Rasl10a",1.94186484945957,-1.98088460801218,0.0114323404886688,"DG"
"82","Cnksr2",1.94636560759097,1.38190288938257,0.0113144746153505,"CA1"
"201","Kl",1.94636560759097,2.37115356274369,0.0113144746153505,"CA1"
"236","Mctp1",1.94636560759097,-4.48508446601869,0.0113144746153505,"DG"
"319","Ptn",1.94636560759097,1.36854565364573,0.0113144746153505,"CA1"
"241","Mkx",1.95295969879572,-3.3006188871587,0.011143979415262,"DG"
"330","Rasgrf2",1.96229443339923,-2.29691330812314,0.0109070063656027,"DG"
"442","Zfp385b",1.98645699848979,2.060943472752,0.0103167522532977,"CA1"
"57","Camsap2",1.99754741874542,1.12003550438979,0.0100566325296444,"CA1"
"146","Galnt16",1.99836565739691,1.1886941476451,0.0100377030269111,"CA1"
"276","Pcp4",1.99836565739691,-7.0925653669034,0.0100377030269111,"DG"
"33","Asap1",1.99950071554946,2.16587339522579,0.0100115030602804,"CA1"
"334","Rbm3",2.01424664846299,-1.25560481911327,0.00967728099241146,"DG"
"279","Pde7b",2.03018294018765,-3.24849196842956,0.00932861263882239,"DG"
"364","Sipa1l2",2.03018294018765,-2.05310464313069,0.00932861263882239,"DG"
"75","Chd7",2.04866619583577,-2.3160808113394,0.00893992353422249,"DG"
"65","Ccng1",2.05723239842533,1.77089487344458,0.00876531648506202,"CA1"
"284","Phyhipl",2.07350020002371,-1.42034079576946,0.00844305853045618,"DG"
"126","Fam189a1",2.0735919672567,2.21099728750707,0.00844127468493332,"CA1"
"14","Adgrl3",2.07548220084772,1.65172477723289,0.00840461451918935,"CA1"
"213","Lrrc16a",2.07548220084772,-2.08835818310337,0.00840461451918935,"DG"
"233","Mbp",2.0765856277482,-2.02203563388979,0.00838328773085539,"DG"
"400","Tdo2",2.0765856277482,-8.58562827877406,0.00838328773085539,"DG"
"206","Lhx9",2.084217219603,-4.85953342225467,0.00823726011706537,"DG"
"205","Lhfpl2",2.11261052688602,-2.74592616915488,0.00771595121519336,"DG"
"240","Micall1",2.11715961897049,-1.85390234043474,0.00763555097813268,"DG"
"16","Ahcyl2",2.12422562900661,-1.71110977493853,0.00751232504803946,"DG"
"142","Gabra1",2.12422562900661,1.5918403987242,0.00751232504803946,"CA1"
"10","Adcy9",2.12987359333024,1.72240273544105,0.00741526040030365,"CA1"
"77","Chst8",2.13380030167331,3.18919908628789,0.00734851691743028,"CA1"
"326","Rab3c",2.13582755386705,1.94316232967454,0.00731429455910408,"CA1"
"363","Sik3",2.13582755386705,1.17697284412971,0.00731429455910408,"CA1"
"119","Ephb1",2.13821850234839,-2.45852071615875,0.0072741373587548,"DG"
"187","Itpr1",2.14536724685213,2.5159260324663,0.00715538083053294,"CA1"
"9","Adarb2",2.16648859950991,-2.60162011937938,0.00681571466150808,"DG"
"94","Crym",2.17057130155899,2.03607428642735,0.0067519419292555,"CA1"
"292","Plekhb1",2.17366197176727,-1.57182254904047,0.0067040620954372,"DG"
"133","Fos",2.18189590956372,-1.36411005102788,0.0065781548176117,"DG"
"328","Rasal1",2.18911021520292,1.59959043005831,0.006469784048087,"CA1"
"152","Gm19410",2.19251505949851,4.02192795662748,0.00641925961840745,"CA1"
"374","Slc4a8",2.19251505949851,1.29068213859002,0.00641925961840745,"CA1"
"54","Camk2d",2.22216725883707,-2.84348412891499,0.00599560124570681,"DG"
"370","Slc26a10",2.26241475153508,-3.86866086490052,0.00546493811632511,"DG"
"372","Slc29a4",2.26321936961669,-3.13848500736256,0.00545482259015093,"DG"
"89","Cpne9",2.26386350538404,-4.49711875790521,0.00544673811731399,"DG"
"117","Epb41",2.27163115002563,-2.98416889217568,0.00535018562277708,"DG"
"165","Hcn1",2.31754453975839,3.12787768266702,0.00481343886484118,"CA1"
"389","Stk32c",2.31754453975839,-1.71308743232277,0.00481343886484118,"DG"
"31","Arl15",2.31754759470152,2.16103941543967,0.00481340500594842,"CA1"
"72","Cdkl5",2.32207757060481,1.85065811779717,0.00476345897675728,"CA1"
"382","Spata13",2.32599919947327,-2.77311964396496,0.00472063911409184,"DG"
"272","Parm1",2.40649889779461,2.17494981047926,0.00392194141689413,"CA1"
"303","Ppl",2.40649889779461,-3.7214117664325,0.00392194141689413,"DG"
"426","Ttc39b",2.42083586616603,1.6922117013975,0.00379458367382558,"CA1"
"189","Jun",2.42373231431753,-1.43167267742747,0.00376936059122793,"DG"
"20","Alox12b",2.43754278716108,5.28116917285618,0.003651381516779,"CA1"
"434","Wfs1",2.44801435039769,4.89883719264916,0.00356439355401827,"CA1"
"244","Mt1",2.45986530840117,-1.65426552262813,0.00346844403704052,"DG"
"181","Il1rap",2.48150165721398,-2.19804261387371,0.00329988148714506,"DG"
"123","Esr1",2.48795617734648,7.17213260239745,0.0032512010210061,"CA1"
"132","Fmn1",2.49135538167946,2.55559299939428,0.00322585333670707,"CA1"
"172","Htr5b",2.49135538167946,7.79491111071642,0.00322585333670707,"CA1"
"307","Prickle2",2.49135538167946,1.28434608119826,0.00322585333670707,"CA1"
"167","Hivep2",2.49158141760572,1.46911648692246,0.00322417482348915,"CA1"
"383","Spink8",2.49507980738621,5.04775642401364,0.00319830732418511,"CA1"
"365","Slc16a11",2.52064856354205,-3.08506828054613,0.00301544517263056,"DG"
"274","Pcdh8",2.52697386387938,-2.73348124090978,0.0029718448738882,"DG"
"435","Wnt2",2.53381147847573,6.8601087203457,0.00292542198948326,"CA1"
"385","Spsb1",2.55534592346361,-3.45306667518418,0.00278390285596242,"DG"
"287","Pkia",2.58074712588024,-1.91937892731367,0.00262574697677181,"DG"
"280","Pdyn",2.58106368440982,-4.86275221260853,0.00262383375941072,"DG"
"355","Sez6",2.59317965640018,3.74553325970927,0.00255164553450945,"CA1"
"281","Pdzd2",2.60733541455849,-3.62329363466014,0.00246981591861054,"DG"
"373","Slc39a6",2.60733541455849,-2.01300121782602,0.00246981591861054,"DG"
"179","Il16",2.61754436056121,-4.53266022542577,0.00241243510431469,"DG"
"425","Tspan18",2.63407870432856,-5.51872341801147,0.00232231590020504,"DG"
"286","Pitpnm2",2.64661558977541,-2.20761031394155,0.00225623540657837,"DG"
"361","Shank1",2.67472418683684,1.76616853350744,0.00211483170769177,"CA1"
"381","Sorl1",2.67472418683684,1.66748146804817,0.00211483170769177,"CA1"
"135","Foxo1",2.6755799955643,-3.03719063556689,0.00211066838207379,"DG"
"444","Zfp703",2.6755799955643,1.78220743029367,0.00211066838207379,"CA1"
"212","Lrp1",2.70765588282419,1.16518095290985,0.00196039739694393,"CA1"
"215","Lrrn2",2.70765588282419,1.00994864620047,0.00196039739694393,"CA1"
"2","3110035E14Rik",2.73920671241925,2.70912554032408,0.00182302778389811,"CA1"
"260","Nr3c2",2.75200545652497,1.39835039331623,0.00177008671860806,"CA1"
"91","Crim1",2.75865269586932,1.6839215580462,0.00174320034877482,"CA1"
"318","Ptma",2.78873712587274,-1.30999428140731,0.00162653298207403,"DG"
"5","Adam23",2.79530872695347,1.54289595145551,0.00160210609650255,"CA1"
"29","Arhgap26",2.80081882103395,1.54532449322228,0.00158190784192453,"CA1"
"68","Cdh6",2.80081882103395,8.44337734020508,0.00158190784192453,"CA1"
"101","Cyld",2.80081882103395,1.68327663959248,0.00158190784192453,"CA1"
"225","Man1a",2.80081882103395,4.43283637341005,0.00158190784192453,"CA1"
"148","Galntl6",2.80908274814047,3.79744146900534,0.00155209125464291,"CA1"
"130","Fam234b",2.83232380030028,1.23828177411548,0.00147121518811531,"CA1"
"102","Dab2ip",2.84999683785227,1.49424393138175,0.00141254782950741,"CA1"
"263","Nrip2",2.85246388581243,-3.14746507112335,0.00140454647517449,"DG"
"224","Maml2",2.85983696576998,-3.15201834606674,0.0013809025583926,"DG"
"300","Plxna1",2.8871999297841,2.2005557211299,0.00129658224501155,"CA1"
"11","Add3",2.9232755155606,-1.25719694209857,0.00119323088098757,"DG"
"261","Nrep",2.9232755155606,-2.89965997854306,0.00119323088098757,"DG"
"170","Htr1b",2.92356735108648,6.0662546871398,0.00119242932765871,"CA1"
"110","Dsp",2.95449011842507,-6.42842857885198,0.00111047780193321,"DG"
"409","Tmem158",2.96175760850298,2.61115642106151,0.00109204966884813,"CA1"
"262","Nrip1",2.9771221207469,2.64093718517018,0.0010540904514241,"CA1"
"153","Gm2115",2.99243770472137,5.40231279624059,0.00101756531546482,"CA1"
"1","1810041L15Rik",3.01888367401605,-2.25967047105762,0.000957450490522484,"DG"
"419","Trp53i11",3.01888367401605,-3.20929724259641,0.000957450490522484,"DG"
"136","Foxp1",3.06133847207354,2.21908464431768,0.000868283459469729,"CA1"
"443","Zfp462",3.06133847207354,2.92550121081779,0.000868283459469729,"CA1"
"234","Mchr1",3.12247832052448,3.71664721982602,0.000754261046742183,"CA1"
"114","Ece2",3.12891959822759,-3.70505981293029,0.000743156707192071,"DG"
"204","Lefty1",3.15445260583087,6.59592484894649,0.000700724648148385,"CA1"
"209","Lingo4",3.15537906309546,2.85689124767717,0.000699231422889587,"CA1"
"322","Ptpru",3.17054199308749,5.75336085723879,0.00067523976011171,"CA1"
"344","Rreb1",3.21281063295964,-3.07164993626688,0.000612617455366763,"DG"
"331","Rasgrp1",3.28669485470103,1.59410069433595,0.000516779342801115,"CA1"
"177","Igsf3",3.31339308847773,-3.34258534608621,0.000485967148144839,"DG"
"293","Plekhg1",3.31339308847773,3.7501014603001,0.000485967148144839,"CA1"
"53","Caln1",3.33679765643353,1.96266403796847,0.000460471063194011,"CA1"
"216","Lrrtm4",3.3575495721874,-4.08700523580882,0.000438985755112152,"DG"
"256","Nov",3.43643923574206,7.86196462545761,0.00036606715521521,"CA1"
"445","Zfpm1",3.50671399321953,3.19578467051733,0.000311376624821581,"CA1"
"161","Grm2",3.51440113572613,-4.0902631173041,0.000305913655950938,"DG"
"90","Crhbp",3.55665833807375,7.92124840862677,0.000277550274970728,"CA1"
"291","Plekha2",3.56692936468672,-3.25953202433202,0.000271063246365746,"DG"
"335","Reps2",3.56692936468672,1.66664655731868,0.000271063246365746,"CA1"
"369","Slc24a3",3.56692936468672,1.96538060688604,0.000271063246365746,"CA1"
"306","Ppp3r1",3.59130542488602,1.07206631683404,0.000256268115409039,"CA1"
"160","Grin2b",3.62453420988561,2.2552222869243,0.000237391841903219,"CA1"
"340","Rph3a",3.66400728864284,-3.17532071115096,0.000216766772515318,"DG"
"37","Atp2b1",3.68094775371062,2.07555455241405,0.000208474166561818,"CA1"
"404","Tiam1",3.7530545070299,-3.03055286318641,0.000176581618435455,"DG"
"168","Homer2",3.75496920915453,2.89833213978948,0.000175804825259779,"CA1"
"227","Map4",3.77477817737328,1.72252434982905,0.000167966171227353,"CA1"
"311","Prkcg",3.78316475175531,2.06148872348106,0.000164753727156591,"CA1"
"109","Dock4",3.85252710035595,1.61999532781792,0.000140434204867022,"CA1"
"128","Fam19a2",3.85678060057881,-3.80943386816909,0.000139065499299292,"DG"
"69","Cdh9",3.86341509986804,-5.05565134571682,0.000136957209956898,"DG"
"48","Cacna1i",3.88698133388781,1.82255126622812,0.000129723502535147,"CA1"
"108","Dock10",3.88698133388781,-3.37944227304724,0.000129723502535147,"DG"
"171","Htr2c",3.88698133388781,5.60618645705523,0.000129723502535147,"CA1"
"375","Slc8a1",3.88698133388781,3.6028024436189,0.000129723502535147,"CA1"
"231","Matn2",3.94322257375531,2.81645474359267,0.000113966556495205,"CA1"
"151","Gm13889",3.94983932224987,-2.87246206951939,0.000112243364897417,"DG"
"67","Cd34",3.97518646552234,2.78371331446251,0.000105879902931584,"CA1"
"440","Zdhhc2",3.97518646552234,3.47437363009999,0.000105879902931584,"CA1"
"71","Cdk5r2",4.06213739423831,1.32062273324996,8.66687645410609e-05,"CA1"
"210","Lmtk2",4.06213739423831,1.65924672730166,8.66687645410609e-05,"CA1"
"203","Large",4.11048831785726,1.36999500468325,7.75374799984871e-05,"CA1"
"88","Cpne8",4.11852496205233,3.87445876017692,7.61158388457734e-05,"CA1"
"191","Kcnc4",4.17217409729539,-4.27877391014926,6.72706931616233e-05,"DG"
"194","Kcnh7",4.17905378195741,4.04592860924124,6.62134501520939e-05,"CA1"
"406","Tle3",4.17905378195741,3.28357534901374,6.62134501520939e-05,"CA1"
"360","Sh3rf1",4.17988299630147,3.15546986328645,6.60871470051126e-05,"CA1"
"304","Ppm1e",4.18634932343419,1.57200477801277,6.51104469497957e-05,"CA1"
"398","Tagln3",4.18634932343419,-2.31079642448374,6.51104469497957e-05,"DG"
"239","Meis2",4.45323302467683,5.12963833073681,3.52181853942394e-05,"CA1"
"124","Exoc6b",4.45988731945816,2.16676277079324,3.46826825266393e-05,"CA1"
"446","Zfpm2",4.59761591033352,-4.14355354561035,2.52571352388279e-05,"DG"
"51","Cadps2",4.71756696210848,2.76991424322043,1.9161655941396e-05,"CA1"
"166","Hdac7",4.78883216474685,-2.93921106825693,1.62617707851823e-05,"DG"
"405","Tiam2",4.84164272782017,-5.06409263247165,1.43998269231283e-05,"DG"
"180","Il1r1",4.86591102327267,-5.52515071745603,1.36172363904319e-05,"DG"
"267","Ntng1",4.90088643793337,-5.10619233611503,1.25635844129441e-05,"DG"
"428","Tyro3",4.90088643793337,2.93630227408086,1.25635844129441e-05,"CA1"
"157","Gprc5b",5.16391752292107,-2.08066540323736,6.85618420221517e-06,"DG"
"278","Pde2a",5.26664545905668,1.67331818684865,5.41195953758777e-06,"CA1"
"118","Epha6",5.3088791343754,2.77841425766228,4.91044516489342e-06,"CA1"
"310","Prkcb",5.35095105170316,2.59843053474431,4.45706480082685e-06,"CA1"
"150","Glis3",5.45682170086873,-4.66336495749495,3.4928368408655e-06,"DG"
"84","Cntnap2",5.4747864589427,3.15952698009172,3.35130180975071e-06,"CA1"
"229","Mapk3",5.53885479141328,-2.42200342685841,2.89164655760248e-06,"DG"
"86","Col11a1",5.55964703466515,5.43462795113936,2.75646806499723e-06,"CA1"
"143","Gabra3",5.56715768784952,3.85822678538692,2.70920776787317e-06,"CA1"
"391","Stum",5.71514866453452,1.86238495446979,1.92686520977337e-06,"CA1"
"3","Actr2",5.77064146775404,1.60936811116647,1.69573714025484e-06,"CA1"
"380","Sorcs3",5.93877499977999,3.10842804769672,1.15139675255638e-06,"CA1"
"174","Hunk",5.98398632028644,4.16306473056856,1.03756109713373e-06,"CA1"
"282","Pex5l",5.98531509486959,3.11175436108892,1.03439140951931e-06,"CA1"
"24","Ap2b1",6.06314038551856,1.69970223818006,8.64688363425451e-07,"CA1"
"217","Lrtm2",6.06314038551856,-3.57928704574796,8.64688363425451e-07,"DG"
"376","Smoc2",6.06314038551856,-6.56588178811976,8.64688363425451e-07,"DG"
"395","Synpr",6.06314038551856,-4.36782225324866,8.64688363425451e-07,"DG"
"257","Npnt",6.25080424718142,-5.23439473114812,5.61300918407922e-07,"DG"
"270","Ociad2",6.36498037137921,2.68510895186484,4.31538580450508e-07,"CA1"
"64","Ccnd1",6.38682618250052,2.63743786627385,4.10368311662168e-07,"CA1"
"125","Fam163b",6.38682618250052,-3.58988766798705,4.10368311662168e-07,"DG"
"350","Sema5a",6.38682618250052,-5.01511283256586,4.10368311662168e-07,"DG"
"255","Nos1ap",7.06579485860218,2.30036665913752,8.5941937713449e-08,"CA1"
"63","Ccdc88c",8.09872410867534,4.77305744901054,7.96665281877757e-09,"CA1"
"313","Prox1",8.51244813507529,-4.90159458660805,3.07292432243355e-09,"DG"
"294","Plk5",9.52750158403569,-8.04596113068257,2.96823591716816e-10,"DG"
"92","Crlf1",15.5379197081902,-7.69969383758498,2.89787929440682e-16,"DG"
"392","Stxbp6",16.0278378557139,-5.19396604691866,9.37912112005798e-17,"DG"
"46","C1ql2",17.5785662925783,-7.65382313740708,2.63896546857649e-18,"DG"
